{"cameraMode":{"drawMode":0,"name":"Shaded","section":"Shading Mode"},"sceneLighting":true,"audioPlay":false,"sceneViewState":{"m_AlwaysRefresh":false,"showFog":true,"showSkybox":true,"showFlares":true,"showImageEffects":true,"showParticleSystems":true,"showVisualEffectGraphs":true,"m_FxEnabled":true},"in2DMode":false,"pivot":{"x":0.0001745196059346199,"y":0.11901663988828659,"z":-0.41500356793403628},"rotation":{"x":0.04417417570948601,"y":0.896909236907959,"z":-0.09208447486162186,"w":0.4302740693092346},"size":0.6343938112258911,"orthographic":false}